source_name,table_name,column_data_type,column_name,enriched,column_data_mode,tag_version,data_criticality,column_description,attribute_type,sensitivity_type,policy_tag,operation,table_version
IAG,iag_cgu_policy_analytical,STRING,policy_number,FALSE,NULLABLE,1,Not assessed,The Policy Identifier that Customer receives,Native,Non-sensitive,Internal-A-V1,I,1
IAG,iag_cgu_policy_analytical,STRING,policy_period,FALSE,REQUIRED,1,Not assessed,Policy Period ID,Native,Non-sensitive,Internal-A-V1,I,1
IAG,iag_cgu_policy_analytical,STRING,quote_number,FALSE,NULLABLE,1,Not assessed,The Quote Identifier that Customer receives,Native,Non-sensitive,Internal-A-V1,I,1
IAG,iag_cgu_policy_analytical,STRING,job_name,FALSE,REQUIRED,1,Not assessed,"The name of a policy transaction (i.e policy job), e.g. Cancellation / Policy Change / Reinstatement / Submission / Renewal",Native,Non-sensitive,Internal-A-V1,I,1
IAG,iag_cgu_policy_analytical,STRING,job_number,FALSE,REQUIRED,1,Not assessed,"A business identifier of a job, if the job is submission, then job number will be the same as quote number. ",Native,Non-sensitive,Internal-A-V1,I,1
IAG,iag_cgu_policy_analytical,STRING,policy_status_name,FALSE,REQUIRED,1,Not assessed,"The status of a job. For Cancellation / Reinstatement / Policy Change, the policy Status will always be Bound. For Submission, status could be quoted or bound (or any other final status e.g. Decline, Withdrawn, Not Taken). For Renewal, status could be Renewing or Bound (or any other final status e.g. Not-Taken, Not Renewed, Withdrawn)",Native,Non-sensitive,Internal-A-V1,I,1
IAG,iag_cgu_policy_analytical,STRING,brand_name,FALSE,REQUIRED,1,Not assessed,Always going to be {partner},Native,Non-sensitive,Internal-A-V1,I,1
IAG,iag_cgu_policy_analytical,STRING,product_name,FALSE,REQUIRED,1,Not assessed,"The name of the product, it could be Home / Car / Landlord.",Native,Non-sensitive,Internal-A-V1,I,1
IAG,iag_cgu_policy_analytical,STRING,policy_producer_code,FALSE,REQUIRED,1,Not assessed,"The producer of the policy, it follows the pattern of {partner}_PARTNER_{Product}",Native,Non-sensitive,Internal-A-V1,I,1
IAG,iag_cgu_policy_analytical,INTEGER,term_number,FALSE,NULLABLE,1,Not assessed,"The term number of a policy. For policy migrated from QBE to IAG, the term number of migration renewal term will start from 1. ",Native,Non-sensitive,Internal-A-V1,I,1
IAG,iag_cgu_policy_analytical,STRING,term_type,FALSE,NULLABLE,1,Not assessed,"Indicate if it is a New Business or Renewal. For Policy migrated from QBE to IAG, the term type would be ""Renewal"". ",Native,Non-sensitive,Internal-A-V1,I,1
IAG,iag_cgu_policy_analytical,TIMESTAMP,term_start_date,FALSE,REQUIRED,1,Not assessed,The start date of the policy term,Native,Non-sensitive,Internal-A-V1,I,1
IAG,iag_cgu_policy_analytical,TIMESTAMP,term_end_date,FALSE,REQUIRED,1,Not assessed,The end date of the policy term. ,Native,Non-sensitive,Internal-A-V1,I,1
IAG,iag_cgu_policy_analytical,TIMESTAMP,written_date,FALSE,REQUIRED,1,Not assessed,"The date this period was created. For Reinstatement, it will be the create date the policy period that reinstatement job trying to reinstated.",Native,Non-sensitive,Internal-A-V1,I,1
IAG,iag_cgu_policy_analytical,TIMESTAMP,policy_period_edit_effective_date,FALSE,REQUIRED,1,Not assessed,The effective date a policy transaction / job is taking effective. It could be either future dated or back dated. ,Native,Non-sensitive,Internal-A-V1,I,1
IAG,iag_cgu_policy_analytical,TIMESTAMP,job_close_date,FALSE,REQUIRED,1,Not assessed,"The finalization date of a policy transaction. It will ONLY be populated when a policy transaction achieves a final status (e.g. Bound, Not Taken, Decline). However, {partner} have requested IF this is NULL, then populate the Written_date's value into this field so to help design CDC",Native,Non-sensitive,Internal-A-V1,I,1
IAG,iag_cgu_policy_analytical,STRING,jurisdiction_name,FALSE,REQUIRED,1,Not assessed,The State the Policy Period is based in. ,Native,Non-sensitive,Internal-A-V1,I,1
IAG,iag_cgu_policy_analytical,STRING,distribution_channel_name,FALSE,REQUIRED,1,Not assessed,Always going to be Partner for {partner}. ,Native,Non-sensitive,Internal-A-V1,I,1
IAG,iag_cgu_policy_analytical,STRING,originating_channel_name,FALSE,REQUIRED,1,Not assessed,"The channel an {partner} sales (i.e. a submission transaction) starts, it could be either Online or Contact Centre. Online may refer to sales started from Partner Branch or Web. Contact Centre refers to IAG Contact Centre. For Migration Renewal from QBE to {partner}, the channel will be  populated as 'Contact Centre'. ",Native,Non-sensitive,Internal-A-V1,I,1
IAG,iag_cgu_policy_analytical,STRING,completing_channel_name,FALSE,NULLABLE,1,Not assessed,"The channel an {partner} sales finalised. It will be populated with a value if the sales finalised in a different channel to the sales starts, otherwise it will be NULL. ",Native,Non-sensitive,Internal-A-V1,I,1
IAG,iag_cgu_policy_analytical,STRING,originating_channel_name_derived,FALSE,NULLABLE,1,Not assessed,"The Derived originating channel as per {partner} required - If originating channel = Contact center then IAG Contact Centre If originating channel = Online (i.e. Partner's Web / branch / contact center) - then  Digital - when originating branch code is null Partner Contact Centre - When originating branch code is in {partner}'s 'Contact Centre'  hierachy Partner Branch - When originating branch code is in {partner}'s Australian Branch Network Otherwise 'Unknown' ",Native,Non-sensitive,Internal-A-V1,I,1
IAG,iag_cgu_policy_analytical,STRING,completing_channel_name_derived,FALSE,NULLABLE,1,Not assessed,Refer above originating channel name update,Native,Non-sensitive,Internal-A-V1,I,1
IAG,iag_cgu_policy_analytical,STRING,originating_branch_code,FALSE,NULLABLE,1,Not assessed,The branch / contact centre Identifier passed on from {partner} which can help identifier an {partner} branch or an {partner} contact center. The code will populate the information that a customer starts its submission. ,Native,Non-sensitive,Internal-A-V1,I,1
IAG,iag_cgu_policy_analytical,STRING,updated_branch_code,FALSE,NULLABLE,1,Not assessed,"Same concept as originating_branch_code, however it will be the identifier when {partner} sales is being finalised. Comparison between Originating and Completing branch code / channel name could identifier if there is any shift of sales channel and/or sales branch. ",Native,Non-sensitive,Internal-A-V1,I,1
IAG,iag_cgu_policy_analytical,STRING,job_originating_channel_name,FALSE,NULLABLE,1,Not assessed,The channel a Policy Transaction will be initiated. ,Native,Non-sensitive,Internal-A-V1,I,1
IAG,iag_cgu_policy_analytical,STRING,job_completing_channel_name,FALSE,NULLABLE,1,Not assessed,The channel a Policy Transaction will be finalised. ,Native,Non-sensitive,Internal-A-V1,I,1
IAG,iag_cgu_policy_analytical,STRING,policy_migrated_flag,FALSE,NULLABLE,1,Not assessed,A Y/N indicate to indicate the policy has been migrated from an external source to IAG's PolicyCenter. ,Native,Non-sensitive,Internal-A-V1,I,1
IAG,iag_cgu_policy_analytical,STRING,legacy_policy_number,FALSE,NULLABLE,1,Not assessed,"The Heritage System's Policy identifier. For QBE's migrated policy, this will be the policy_number field from QBE's policy common file. ",Native,Non-sensitive,Internal-A-V1,I,1
IAG,iag_cgu_policy_analytical,TIMESTAMP,original_policy_inception_date,FALSE,NULLABLE,1,Not assessed,"The start date of a Policy's lifecycle, for QBE's migrated policy, it will be QBE's original_start_date from QBE's policy common file. For non QBE's migrated policy, it will be the policy start date with IAG. ",Native,Non-sensitive,Internal-A-V1,I,1
IAG,iag_cgu_policy_analytical,STRING,pay_later_flag,FALSE,NULLABLE,1,Not assessed,A Y/N to indicate of Customer choose the Pay later option,Native,Non-sensitive,Internal-A-V1,I,1
IAG,iag_cgu_policy_analytical,STRING,paid_flag,FALSE,NULLABLE,1,Not assessed,"A Y/N to indicate if a customer has made the payment for a policy term. IF a policy is via instalments, it indicate whether IAG receives the first instatement amount from a customer. ",Native,Non-sensitive,Internal-A-V1,I,1
IAG,iag_cgu_policy_analytical,TIMESTAMP,first_payment_date,FALSE,NULLABLE,1,Not assessed,"The date IAG receives the customer's payment. For an instalments policy, it indicates the date IAG receives the customer's first instatement amount. ",Native,FIN.first_payment_date,Confidential-A-V1.Financial.Payment_Details,I,1
IAG,iag_cgu_policy_analytical,STRING,cancellation_type,FALSE,NULLABLE,1,Not assessed,"The type of a cancellation, could be either ""Flat"" (cancellation date is the same as policy's term start date) OR ""Mid Term"" (cancellation date greater than the policy term start date). This field will only be populated for a cancellation job. ",Native,Non-sensitive,Internal-A-V1,I,1
IAG,iag_cgu_policy_analytical,TIMESTAMP,cancellation_date,FALSE,NULLABLE,1,Not assessed,The date the cancellation is taking effective. ,Native,Non-sensitive,Internal-A-V1,I,1
IAG,iag_cgu_policy_analytical,STRING,cancellation_reason_name,FALSE,NULLABLE,1,Not assessed,The sub category of a cancellation type. It provides reason for a cancellation. ,Native,Non-sensitive,Internal-A-V1,I,1
IAG,iag_cgu_policy_analytical,STRING,non_renewal_reason_name,FALSE,NULLABLE,1,Not assessed,The reason customer provided if a Renewal is in non renewal / withdrawn status. ,Native,Non-sensitive,Internal-A-V1,I,1
IAG,iag_cgu_policy_analytical,STRING,renewal_not_taken_reason_type_name,FALSE,NULLABLE,1,Not assessed,The reason customer provided if a Renewal Offer has been declined by a customer,Native,Non-sensitive,Internal-A-V1,I,1
IAG,iag_cgu_policy_analytical,STRING,selected_term_type_name,FALSE,NULLABLE,1,Not assessed,Whether it is an annual policy OR non annual (mostly applicable to Travel product). ,Native,Non-sensitive,Internal-A-V1,I,1
IAG,iag_cgu_policy_analytical,NUMERIC,length_of_policy_in_months,FALSE,NULLABLE,1,Not assessed,The number of months for a policy. ,Native,Non-sensitive,Internal-A-V1,I,1
IAG,iag_cgu_policy_analytical,STRING,primary_insured_name,FALSE,NULLABLE,1,Not assessed,The primary insured name on the policy. ,Native,PII.primary_insured_name,Confidential-PII-Customer-A-V1.Customer-Name,I,1
IAG,iag_cgu_policy_analytical,STRING,create_consultant_id,FALSE,REQUIRED,1,Not assessed,"The Identifier of the person created the policy transaction. sXXXX refers the transaction is created by an IAG person, pbXXX refers to the transaction created by a Partner staff, pu/bu/su refer to a transaction created by system. ",Native,Non-sensitive,Internal-A-V1,I,1
IAG,iag_cgu_policy_analytical,STRING,create_consultant_partner_employee_number,FALSE,NULLABLE,1,Not assessed,The employee number of a partner staff. The number should be passed from Partner {partner},Native,Non-sensitive,Internal-A-V1,I,1
IAG,iag_cgu_policy_analytical,STRING,update_consultant_id,FALSE,REQUIRED,1,Not assessed,"The Identifier of the person updated the policy transaction. sXXXX refers the transaction is created by an IAG person, pbXXX refers to the transaction created by a Partner staff, pu/bu/su refer to a transaction created by system. ",Native,Non-sensitive,Internal-A-V1,I,1
IAG,iag_cgu_policy_analytical,STRING,update_consultant_partner_employee_number,FALSE,NULLABLE,1,Not assessed,The employee number of a partner staff. The number should be passed from Partner {partner},Native,Non-sensitive,Internal-A-V1,I,1
IAG,iag_cgu_policy_analytical,STRING,billing_period_frequency_name,FALSE,NULLABLE,1,Not assessed,The frequency of billing / instalments frequency. ,Native,FIN.billing_period_frequency_name,Confidential-A-V1.Financial.Payment_Details,I,1
IAG,iag_cgu_policy_analytical,STRING,billing_method_name,FALSE,NULLABLE,1,Not assessed,The method of a billing. ,Native,FIN.billing_method_name,Confidential-A-V1.Financial.Payment_Details,I,1
IAG,iag_cgu_policy_analytical,NUMERIC,annualised_base_premium,FALSE,REQUIRED,1,Not assessed,"The Transaction premium for the policy transaction, inclusive of partner commission amount. ",Native,FIN.annualised_base_premium,Confidential-A-V1.Financial.Payment_Details,I,1
IAG,iag_cgu_policy_analytical,NUMERIC,gst,FALSE,REQUIRED,1,Not assessed,Tax and Charges amount for a policy transaction.,Native,FIN.gst,Confidential-A-V1.Financial.Payment_Details,I,1
IAG,iag_cgu_policy_analytical,NUMERIC,stamp_duty,FALSE,REQUIRED,1,Not assessed,Tax and Charges amount for a policy transaction.,Native,FIN.stamp_duty,Confidential-A-V1.Financial.Payment_Details,I,1
IAG,iag_cgu_policy_analytical,NUMERIC,esl,FALSE,REQUIRED,1,Not assessed,Tax and Charges amount for a policy transaction.,Native,FIN.esl,Confidential-A-V1.Financial.Payment_Details,I,1
IAG,iag_cgu_policy_analytical,NUMERIC,prior_term_base_premium,FALSE,NULLABLE,1,Not assessed,The prior term's annualised premium. This field will NOT populate the QBE's prior term price for the migration renewal term... it will only populate the Prior term's value for IAG's Native Renewal. {partner} agree to stitch in {partner}'s own warehouse to obtain the QBE's prior term renewal price. ,Native,Non-sensitive,Internal-A-V1,I,1
IAG,iag_cgu_policy_analytical,NUMERIC,prior_term_gst,FALSE,NULLABLE,1,Not assessed,Tax and Charges amount for prior term.,Native,Non-sensitive,Internal-A-V1,I,1
IAG,iag_cgu_policy_analytical,NUMERIC,prior_term_stamp_duty,FALSE,NULLABLE,1,Not assessed,Tax and Charges amount for prior term.,Native,Non-sensitive,Internal-A-V1,I,1
IAG,iag_cgu_policy_analytical,NUMERIC,prior_term_esl,FALSE,NULLABLE,1,Not assessed,Tax and Charges amount for prior term.,Native,Non-sensitive,Internal-A-V1,I,1
IAG,iag_cgu_policy_analytical,STRING,correspondence_address_line_1,FALSE,NULLABLE,1,Not assessed,The correspondence address a customer prefers for a Policy,Native,PII.correspondence_address_line_1,Confidential-PII-Customer-A-V1.Customer-Contact_Method.Customer-Address,I,1
IAG,iag_cgu_policy_analytical,STRING,correspondence_address_line_2,FALSE,NULLABLE,1,Not assessed,The correspondence address a customer prefers for a Policy,Native,PII.correspondence_address_line_2,Confidential-PII-Customer-A-V1.Customer-Contact_Method.Customer-Address,I,1
IAG,iag_cgu_policy_analytical,STRING,correspondence_email,FALSE,NULLABLE,1,Not assessed,"The email address of Customer's correspondence email, at quoted status, it could populate the Customer's quote follow up email address (if Customer did not provide quote follow up email address, then it would be default to Customer's correspondence email).  ",Native,PII.correspondence_email,Confidential-PII-Customer-A-V1.Customer-Contact_Method.Customer-Email,I,1
IAG,iag_cgu_policy_analytical,STRING,email_document_consent,FALSE,NULLABLE,1,Not assessed,Email Document Consent,Native,Non-sensitive,Internal-A-V1,I,1
IAG,iag_cgu_policy_analytical,NUMERIC,policy_term_instalment_amount,FALSE,NULLABLE,1,Not assessed,"The Instalment amount for the Policy Term, will only show if Policy is NOT an annual pay policy, amount including Tax and Charges as requested by {partner} team",Native,FIN.policy_term_instalment_amount ,Confidential-A-V1.Financial,I,1
IAG,iag_cgu_policy_analytical,NUMERIC,adjustment_annualised_amount,FALSE,NULLABLE,1,Not assessed,The dollar amount for an adjustments / discretionary amount ,Native,FIN.adjustment_annualised_amount ,Confidential-A-V1.Financial,I,1
IAG,iag_cgu_policy_analytical,NUMERIC,offer_discount_annualised_amount,FALSE,NULLABLE,1,Not assessed,"Column to reflect Discount information. If $0 THEN Policy had staff benefit applied (applicable to Renewing / Quoted / Bound status), if <> $0 THEN sum of the applicable discount (online and/or offer), else null. As of Sept. 2023, the exact discount (apart from staff benefit)/ campaign is remaining as a future proofing concept, hence this field requires review and future uplift when {partner} / CGU enables discount and campaign. {partner} agree to use the Staff benefit applied component in this attribute as a REFERENCE ONLY, given Staff benefit is applied through 0% commission, {partner} has agreed to reference the staff benefit applied component in this attribute as a 'REFERENCE ONLY' concept, i.e. at any point in time or occasion, the source of commission amount would be from Commission Statement and Flatfile, IF there is an internal / external audit, {partner} would seek with CGU for information to support rather than solely relying on this column. ",Native,FIN.offer_discount_annualised_amount ,Confidential-A-V1.Financial,I,1
IAG,iag_cgu_policy_analytical,TIMESTAMP,md_row_effective_date,FALSE,REQUIRED,1,Not assessed,"Gives the update time of the record in the GW system, sometimes if it is the initial create / update time - it will be displayed as 1900-01-01 00:00:00",Native,Non-sensitive,Internal-A-V1,I,1
IAG,iag_cgu_risk_motor_analytical,STRING,policy_number,FALSE,NULLABLE,1,Not assessed,The Policy Identifier that Customer receives,Native,Non-sensitive,Internal-A-V1,I,1
IAG,iag_cgu_risk_motor_analytical,STRING,policy_period,FALSE,REQUIRED,1,Not assessed,Policy Period ID,Native,Non-sensitive,Internal-A-V1,I,1
IAG,iag_cgu_risk_motor_analytical,STRING,quote_number,FALSE,NULLABLE,1,Not assessed,The Quote Identifier that Customer receives,Native,Non-sensitive,Internal-A-V1,I,1
IAG,iag_cgu_risk_motor_analytical,STRING,job_name,FALSE,REQUIRED,1,Not assessed,"The name of a policy transaction (i.e policy job), e.g. Cancellation / Policy Change / Reinstatement / Submission / Renewal",Native,Non-sensitive,Internal-A-V1,I,1
IAG,iag_cgu_risk_motor_analytical,STRING,job_number,FALSE,REQUIRED,1,Not assessed,"A business identifier of a job, if the job is submission, then job number will be the same as quote number. ",Native,Non-sensitive,Internal-A-V1,I,1
IAG,iag_cgu_risk_motor_analytical,STRING,policy_status_name,FALSE,REQUIRED,1,Not assessed,"The status of a job. For Cancellation / Reinstatement / Policy Change, the policy Status will always be Bound. For Submission, status could be quoted or bound (or any other final status e.g. Decline, Withdrawn, Not Taken). For Renewal, status could be Renewing or Bound (or any other final status e.g. Not-Taken, Not Renewed, Withdrawn)",Native,Non-sensitive,Internal-A-V1,I,1
IAG,iag_cgu_risk_motor_analytical,INTEGER,asset_number,FALSE,REQUIRED,1,Not assessed,An identifier of a risk / cover. Will not change throughout the Risk life cycle. ,Native,Non-sensitive,Internal-A-V1,I,1
IAG,iag_cgu_risk_motor_analytical,STRING,brand_name,FALSE,REQUIRED,1,Not assessed,Always going to be {partner},Native,Non-sensitive,Internal-A-V1,I,1
IAG,iag_cgu_risk_motor_analytical,STRING,product_name,FALSE,REQUIRED,1,Not assessed,"The name of the product, it could be Home / Car / Landlord.",Native,Non-sensitive,Internal-A-V1,I,1
IAG,iag_cgu_risk_motor_analytical,STRING,risk_id,FALSE,NULLABLE,1,Not assessed,Policy Period ID,Native,Non-sensitive,Internal-A-V1,I,1
IAG,iag_cgu_risk_motor_analytical,TIMESTAMP,risk_term_start_date,FALSE,REQUIRED,1,Not assessed,The term start date of a Risk. It could be different to a policy term start date if a risk is added mid term. ,Native,Non-sensitive,Internal-A-V1,I,1
IAG,iag_cgu_risk_motor_analytical,TIMESTAMP,risk_term_end_date,FALSE,REQUIRED,1,Not assessed,The term end date of a Risk. ,Native,Non-sensitive,Internal-A-V1,I,1
IAG,iag_cgu_risk_motor_analytical,TIMESTAMP,risk_effective_date,FALSE,REQUIRED,1,Not assessed,The effective start date of a risk for the policy period / transaction.,Native,Non-sensitive,Internal-A-V1,I,1
IAG,iag_cgu_risk_motor_analytical,TIMESTAMP,risk_expiration_date,FALSE,REQUIRED,1,Not assessed,The effective end date of a risk for the policy period / transaction. ,Native,Non-sensitive,Internal-A-V1,I,1
IAG,iag_cgu_risk_motor_analytical,TIMESTAMP,job_close_date,FALSE,REQUIRED,1,Not assessed,"The finalization date of a policy transaction. It will ONLY be populated when a policy transaction achieves a final status (e.g. Bound, Not Taken, Decline). However, {partner} have requested IF this is NULL, then populate the Written_date's value into this field so to help design CDC",Native,Non-sensitive,Internal-A-V1,I,1
IAG,iag_cgu_risk_motor_analytical,INTEGER,risk_term_number,FALSE,NULLABLE,1,Not assessed,The Risk term number. Could be different to a policy term start date if a risk is added in subsequent renewal term. ,Native,Non-sensitive,Internal-A-V1,I,1
IAG,iag_cgu_risk_motor_analytical,STRING,risk_type_name,FALSE,NULLABLE,1,Not assessed,"Indicate the risk type, given {partner}'s current insurance landscape not including Niche product, hence will always be Motor Vehicle.",Native,Non-sensitive,Internal-A-V1,I,1
IAG,iag_cgu_risk_motor_analytical,STRING,product_model_variation_name,FALSE,REQUIRED,1,Not assessed,"Indicate the tier of risk the customer opt in. For the immediate {partner} release, IAG will be offering Gold Product for Comprehensive, however this tier might be expanded in future.",Native,Non-sensitive,Internal-A-V1,I,1
IAG,iag_cgu_risk_motor_analytical,NUMERIC,sum_insured,FALSE,REQUIRED,1,Not assessed,The sum insured amount of the risk. ,Native,FIN.sum_insured,Confidential-A-V1.Financial,I,1
IAG,iag_cgu_risk_motor_analytical,NUMERIC,risk_added_bound_volume,FALSE,NULLABLE,1,Not assessed,A Boolean to indicate a risk being added during a policy transaction. ,Native,Non-sensitive,Internal-A-V1,I,1
IAG,iag_cgu_risk_motor_analytical,NUMERIC,risk_removed_bound_volume,FALSE,NULLABLE,1,Not assessed,A Boolean to indicate a risk being removed during a policy transaction. ,Native,Non-sensitive,Internal-A-V1,I,1
IAG,iag_cgu_risk_motor_analytical,STRING,risk_cancellation_type,FALSE,NULLABLE,1,Not assessed,The cancellation type to indicate if a risk has been removed Mid term or Flat. ,Native,Non-sensitive,Internal-A-V1,I,1
IAG,iag_cgu_risk_motor_analytical,TIMESTAMP,risk_cancellation_date,FALSE,NULLABLE,1,Not assessed,The cancellation/risk removal effective date for a risk.,Native,Non-sensitive,Internal-A-V1,I,1
IAG,iag_cgu_risk_motor_analytical,STRING,risk_removed_reasoncode,FALSE,NULLABLE,1,Not assessed,The cancellation reason for a cancellation / risk removal,Native,Non-sensitive,Internal-A-V1,I,1
IAG,iag_cgu_risk_motor_analytical,STRING,risk_removed_subreasoncode,FALSE,NULLABLE,1,Not assessed,The sub cancellation reason for a cancellation / risk removal. ,Native,Non-sensitive,Internal-A-V1,I,1
IAG,iag_cgu_risk_motor_analytical,STRING,risk_migrated_flag,FALSE,NULLABLE,1,Not assessed,A Y/N to indicate if a risk is being migrated from a Heritage system. ,Native,Non-sensitive,Internal-A-V1,I,1
IAG,iag_cgu_risk_motor_analytical,STRING,campaign_code,FALSE,NULLABLE,1,Not assessed,The Campaign code that a risk entitles. ,Native,Non-sensitive,Internal-A-V1,I,1
IAG,iag_cgu_risk_motor_analytical,STRING,partnership_campaign,FALSE,NULLABLE,1,Not assessed,A Y/N to indicate if a risk is entitled to a Partner ship campaign. ,Native,Non-sensitive,Internal-A-V1,I,1
IAG,iag_cgu_risk_motor_analytical,STRING,giftcard_campaign,FALSE,NULLABLE,1,Not assessed,A Y/N to indicate if a risk is entitled to a gift card campaign.,Native,Non-sensitive,Internal-A-V1,I,1
IAG,iag_cgu_risk_motor_analytical,STRING,flat_unit_number,FALSE,NULLABLE,1,Not assessed,Risk Address details.,Native,PII.flat_unit_number,Confidential-PII-Customer-A-V1.Customer-Contact_Method.Customer-Address,I,1
IAG,iag_cgu_risk_motor_analytical,STRING,flat_unit_type_name,FALSE,NULLABLE,1,Not assessed,Risk Address details.,Native,PII.flat_unit_type_name,Confidential-PII-Customer-A-V1.Customer-Contact_Method.Customer-Address,I,1
IAG,iag_cgu_risk_motor_analytical,STRING,floor_level_number,FALSE,NULLABLE,1,Not assessed,Risk Address details.,Native,PII.floor_level_number,Confidential-PII-Customer-A-V1.Customer-Contact_Method.Customer-Address,I,1
IAG,iag_cgu_risk_motor_analytical,STRING,floor_level_type_name,FALSE,NULLABLE,1,Not assessed,Risk Address details.,Native,PII.floor_level_type_name,Confidential-PII-Customer-A-V1.Customer-Contact_Method.Customer-Address,I,1
IAG,iag_cgu_risk_motor_analytical,STRING,house_number,FALSE,NULLABLE,1,Not assessed,Risk Address details.,Native,PII.house_number,Confidential-PII-Customer-A-V1.Customer-Contact_Method.Customer-Address,I,1
IAG,iag_cgu_risk_motor_analytical,STRING,lot_number,FALSE,NULLABLE,1,Not assessed,Risk Address details.,Native,PII.lot_number,Confidential-PII-Customer-A-V1.Customer-Contact_Method.Customer-Address,I,1
IAG,iag_cgu_risk_motor_analytical,STRING,street_direction_type_name,FALSE,NULLABLE,1,Not assessed,Risk Address details.,Native,PII.street_direction_type_name,Confidential-PII-Customer-A-V1.Customer-Contact_Method.Customer-Address,I,1
IAG,iag_cgu_risk_motor_analytical,STRING,street_name,FALSE,NULLABLE,1,Not assessed,Risk Address details.,Native,PII.street_name,Confidential-PII-Customer-A-V1.Customer-Contact_Method.Customer-Address,I,1
IAG,iag_cgu_risk_motor_analytical,STRING,street_type_name,FALSE,NULLABLE,1,Not assessed,Risk Address details.,Native,PII.street_type_name,Confidential-PII-Customer-A-V1.Customer-Contact_Method.Customer-Address,I,1
IAG,iag_cgu_risk_motor_analytical,STRING,address_line_1,FALSE,NULLABLE,1,Not assessed,Risk Address details.,Native,PII.address_line_1,Confidential-PII-Customer-A-V1.Customer-Contact_Method.Customer-Address,I,1
IAG,iag_cgu_risk_motor_analytical,STRING,address_line_2,FALSE,NULLABLE,1,Not assessed,Risk Address details.,Native,PII.address_line_2,Confidential-PII-Customer-A-V1.Customer-Contact_Method.Customer-Address,I,1
IAG,iag_cgu_risk_motor_analytical,STRING,suburb,FALSE,NULLABLE,1,Not assessed,Risk Address details.,Native,PII.suburb,Confidential-PII-Customer-A-V1.Customer-Contact_Method.Customer-Address,I,1
IAG,iag_cgu_risk_motor_analytical,STRING,city,FALSE,NULLABLE,1,Not assessed,Risk Address details.,Native,PII.city,Confidential-PII-Customer-A-V1.Customer-Contact_Method.Customer-Address,I,1
IAG,iag_cgu_risk_motor_analytical,STRING,state_name,FALSE,NULLABLE,1,Not assessed,Risk Address details.,Native,PII.state_name,Confidential-PII-Customer-A-V1.Customer-Contact_Method.Customer-Address,I,1
IAG,iag_cgu_risk_motor_analytical,STRING,country_name,FALSE,NULLABLE,1,Not assessed,Risk Address details.,Native,PII.country_name,Confidential-PII-Customer-A-V1.Customer-Contact_Method.Customer-Address,I,1
IAG,iag_cgu_risk_motor_analytical,STRING,postal_code,FALSE,NULLABLE,1,Not assessed,Risk Address details.,Native,PII.postal_code,Confidential-PII-Customer-A-V1.Customer-Contact_Method.Customer-Address,I,1
IAG,iag_cgu_risk_motor_analytical,STRING,vehicle_number,FALSE,NULLABLE,1,Not assessed,"The Risk Number, given {partner} will be a single risk strategy, most of the time the vehicle number will be 1. ",Native,Non-sensitive,Internal-A-V1,I,1
IAG,iag_cgu_risk_motor_analytical,STRING,vehicle_make,FALSE,REQUIRED,1,Not assessed,Make of the vehicle,Native,Non-sensitive,Internal-A-V1,I,1
IAG,iag_cgu_risk_motor_analytical,STRING,vehicle_model,FALSE,REQUIRED,1,Not assessed,Model of the vehicle.,Native,Non-sensitive,Internal-A-V1,I,1
IAG,iag_cgu_risk_motor_analytical,INTEGER,vehicle_year,FALSE,REQUIRED,1,Not assessed,Vehicle model year,Native,Non-sensitive,Internal-A-V1,I,1
IAG,iag_cgu_risk_motor_analytical,STRING,license_plate,FALSE,NULLABLE,1,Not assessed,license plate of the vehicle.,Native,PII.license_plate,Confidential-PII-Customer-A-V1.Customer-Identification_Numbers,I,1
IAG,iag_cgu_risk_motor_analytical,STRING,vehicle_identification_number,FALSE,NULLABLE,1,Not assessed,VIN (vehicle identification number) of the vehicle. ,Native,Non-sensitive,Internal-A-V1,I,1
IAG,iag_cgu_risk_motor_analytical,STRING,vehicle_market_value_flag,FALSE,REQUIRED,1,Not assessed,A Y/N to indicate a vehicle is market value or agreed value. ,Native,Non-sensitive,Internal-A-V1,I,1
IAG,iag_cgu_risk_motor_analytical,NUMERIC,vehicle_agreed_value_amount,FALSE,NULLABLE,1,Not assessed,"If vehicle_market_value_flag = 'N', then field will be populated to indicate the agreed value amount for insured. ",Native,Non-sensitive,Internal-A-V1,I,1
IAG,iag_cgu_risk_motor_analytical,STRING,glass_extension_coverage_flag,FALSE,NULLABLE,1,Not assessed,Whether the Risk is oped in for Windscreen protection additional coverage. ,Native,Non-sensitive,Internal-A-V1,I,1
IAG,iag_cgu_risk_motor_analytical,STRING,hire_vehicle_after_incident_coverage_flag,FALSE,NULLABLE,1,Not assessed,Whether the Risk is oped in for Hire care additional coverage. ,Native,Non-sensitive,Internal-A-V1,I,1
IAG,iag_cgu_risk_motor_analytical,STRING,finance_provider_name,FALSE,NULLABLE,1,Not assessed,"Providing the finance provider associated with the risk. If any partner is not {partner}, then the name will be de-masked as 'Other'",Native,Non-sensitive,Internal-A-V1,I,1
IAG,iag_cgu_risk_motor_analytical,STRING,gnaf_id,FALSE,NULLABLE,1,Not assessed,GNAF information for a risk address,Native,Non-sensitive,Internal-A-V1,I,1
IAG,iag_cgu_risk_motor_analytical,TIMESTAMP,md_row_effective_date,FALSE,REQUIRED,1,Not assessed,"Gives the update time of the record in the GW system, sometimes if it is the initial create / update time - it will be displayed as 1900-01-01 00:00:00",Native,Non-sensitive,Internal-A-V1,I,1
IAG,iag_cgu_risk_property_analytical,STRING,policy_number,FALSE,NULLABLE,1,Not assessed,The Policy Identifier that Customer receives,Native,Non-sensitive,Internal-A-V1,I,1
IAG,iag_cgu_risk_property_analytical,STRING,term_number,FALSE,REQUIRED,1,Not assessed,"The term number of a policy. For migrated policy, the term number of migration renewal term will start from 1",Native,Non-sensitive,Internal-A-V1,I,1
IAG,iag_cgu_risk_property_analytical,STRING,policy_period,FALSE,REQUIRED,1,Not assessed,Policy Period ID,Native,Non-sensitive,Internal-A-V1,I,1
IAG,iag_cgu_risk_property_analytical,STRING,quote_number,FALSE,NULLABLE,1,Not assessed,The Quote Identifier that Customer receives,Native,Non-sensitive,Internal-A-V1,I,1
IAG,iag_cgu_risk_property_analytical,STRING,job_name,FALSE,REQUIRED,1,Not assessed,"The name of a policy transaction (i.e policy job), e.g. Cancellation / Policy Change / Reinstatement / Submission / Renewal",Native,Non-sensitive,Internal-A-V1,I,1
IAG,iag_cgu_risk_property_analytical,STRING,job_number,FALSE,REQUIRED,1,Not assessed,"A business identifier of a job, if the job is submission, then job number will be the same as quote number. ",Native,Non-sensitive,Internal-A-V1,I,1
IAG,iag_cgu_risk_property_analytical,STRING,policy_status_name,FALSE,REQUIRED,1,Not assessed,"The status of a job. For Cancellation / Reinstatement / Policy Change, the policy Status will always be Bound. For Submission, status could be quoted or bound (or any other final status e.g. Decline, Withdrawn, Not Taken). For Renewal, status could be Renewing or Bound (or any other final status e.g. Not-Taken, Not Renewed, Withdrawn)",Native,Non-sensitive,Internal-A-V1,I,1
IAG,iag_cgu_risk_property_analytical,INTEGER,asset_number,FALSE,REQUIRED,1,Not assessed,An identifier of a risk / cover. Will not change throughout the Risk life cycle. ,Native,Non-sensitive,Internal-A-V1,I,1
IAG,iag_cgu_risk_property_analytical,STRING,brand_name,FALSE,REQUIRED,1,Not assessed,Always going to be {partner},Native,Non-sensitive,Internal-A-V1,I,1
IAG,iag_cgu_risk_property_analytical,STRING,product_name,FALSE,REQUIRED,1,Not assessed,"The name of the product, it could be Home / Car / Landlord.",Native,Non-sensitive,Internal-A-V1,I,1
IAG,iag_cgu_risk_property_analytical,STRING,risk_id,FALSE,NULLABLE,1,Not assessed,Policy Period ID,Native,Non-sensitive,Internal-A-V1,I,1
IAG,iag_cgu_risk_property_analytical,TIMESTAMP,risk_term_start_date,FALSE,REQUIRED,1,Not assessed,The term start date of a Risk. It could be different to a policy term start date if a risk is added mid term. ,Native,Non-sensitive,Internal-A-V1,I,1
IAG,iag_cgu_risk_property_analytical,TIMESTAMP,risk_term_end_date,FALSE,REQUIRED,1,Not assessed,The term end date of a Risk. ,Native,Non-sensitive,Internal-A-V1,I,1
IAG,iag_cgu_risk_property_analytical,TIMESTAMP,risk_effective_date,FALSE,REQUIRED,1,Not assessed,The effective start date of a risk for the policy period / transaction.,Native,Non-sensitive,Internal-A-V1,I,1
IAG,iag_cgu_risk_property_analytical,TIMESTAMP,risk_expiration_date,FALSE,REQUIRED,1,Not assessed,The effective end date of a risk for the policy period / transaction. ,Native,Non-sensitive,Internal-A-V1,I,1
IAG,iag_cgu_risk_property_analytical,TIMESTAMP,job_close_date,FALSE,REQUIRED,1,Not assessed,"The finalization date of a policy transaction. It will ONLY be populated when a policy transaction achieves a final status (e.g. Bound, Not Taken, Decline). However, {partner} have requested IF this is NULL, then populate the Written_date's value into this field so to help design CDC",Native,Non-sensitive,Internal-A-V1,I,1
IAG,iag_cgu_risk_property_analytical,INTEGER,risk_term_number,FALSE,NULLABLE,1,Not assessed,The Risk term number. Could be different to a policy term start date if a risk is added in subsequent renewal term. ,Native,Non-sensitive,Internal-A-V1,I,1
IAG,iag_cgu_risk_property_analytical,STRING,risk_type_name_derived,FALSE,REQUIRED,1,Not assessed,"A derived risk type - if a Property is covered by both building and contents, meanwhile this file will have two lines, (one line populating building relevant information and the other line will indicate contents information), this field will indicate Building and Contents ",Native,Non-sensitive,Internal-A-V1,I,1
IAG,iag_cgu_risk_property_analytical,STRING,risk_type_name,FALSE,REQUIRED,1,Not assessed,"Indicate the cover type of a risk, it will be either building or contents. ",Native,Non-sensitive,Internal-A-V1,I,1
IAG,iag_cgu_risk_property_analytical,STRING,product_model_variation_name,FALSE,REQUIRED,1,Not assessed,"Indicate the tier of risk the customer opt in. For the immediate {partner} release, IAG will be offering Gold Product for Comprehensive, however this tier might be expanded in future.",Native,Non-sensitive,Internal-A-V1,I,1
IAG,iag_cgu_risk_property_analytical,NUMERIC,sum_insured,FALSE,REQUIRED,1,Not assessed,The sum insured amount of the building cover / content cover. ,Native,FIN.sum_insured,Confidential-A-V1.Financial,I,1
IAG,iag_cgu_risk_property_analytical,NUMERIC,risk_added_bound_volume,FALSE,NULLABLE,1,Not assessed,A Boolean to indicate a risk being added during a policy transaction. ,Native,Non-sensitive,Internal-A-V1,I,1
IAG,iag_cgu_risk_property_analytical,NUMERIC,risk_removed_bound_volume,FALSE,NULLABLE,1,Not assessed,A Boolean to indicate a risk being removed during a policy transaction. ,Native,Non-sensitive,Internal-A-V1,I,1
IAG,iag_cgu_risk_property_analytical,STRING,risk_cancellation_type,FALSE,NULLABLE,1,Not assessed,The cancellation type to indicate if a risk has been removed Mid term or Flat. ,Native,Non-sensitive,Internal-A-V1,I,1
IAG,iag_cgu_risk_property_analytical,TIMESTAMP,risk_cancellation_date,FALSE,NULLABLE,1,Not assessed,The cancellation/risk removal effective date for a risk.,Native,Non-sensitive,Internal-A-V1,I,1
IAG,iag_cgu_risk_property_analytical,STRING,risk_removed_reasoncode,FALSE,NULLABLE,1,Not assessed,The cancellation reason for a cancellation / risk removal,Native,Non-sensitive,Internal-A-V1,I,1
IAG,iag_cgu_risk_property_analytical,STRING,risk_removed_subreasoncode,FALSE,NULLABLE,1,Not assessed,The sub cancellation reason for a cancellation / risk removal. ,Native,Non-sensitive,Internal-A-V1,I,1
IAG,iag_cgu_risk_property_analytical,STRING,risk_migrated_flag,FALSE,NULLABLE,1,Not assessed,A Y/N to indicate if a risk is being migrated from a Heritage system. ,Native,Non-sensitive,Internal-A-V1,I,1
IAG,iag_cgu_risk_property_analytical,STRING,campaign_code,FALSE,NULLABLE,1,Not assessed,The Campaign code that a risk entitles. ,Native,Non-sensitive,Internal-A-V1,I,1
IAG,iag_cgu_risk_property_analytical,STRING,partnership_campaign,FALSE,NULLABLE,1,Not assessed,A Y/N to indicate if a risk is entitled to a Partner ship campaign. ,Native,Non-sensitive,Internal-A-V1,I,1
IAG,iag_cgu_risk_property_analytical,STRING,giftcard_campaign,FALSE,NULLABLE,1,Not assessed,A Y/N to indicate if a risk is entitled to a gift card campaign.,Native,Non-sensitive,Internal-A-V1,I,1
IAG,iag_cgu_risk_property_analytical,STRING,flat_unit_number,FALSE,NULLABLE,1,Not assessed,Risk Address details.,Native,PII.flat_unit_number,Confidential-PII-Customer-A-V1.Customer-Contact_Method.Customer-Address,I,1
IAG,iag_cgu_risk_property_analytical,STRING,flat_unit_type_name,FALSE,NULLABLE,1,Not assessed,Risk Address details.,Native,PII.flat_unit_type_name,Confidential-PII-Customer-A-V1.Customer-Contact_Method.Customer-Address,I,1
IAG,iag_cgu_risk_property_analytical,STRING,floor_level_number,FALSE,NULLABLE,1,Not assessed,Risk Address details.,Native,PII.floor_level_number,Confidential-PII-Customer-A-V1.Customer-Contact_Method.Customer-Address,I,1
IAG,iag_cgu_risk_property_analytical,STRING,floor_level_type_name,FALSE,NULLABLE,1,Not assessed,Risk Address details.,Native,PII.floor_level_type_name,Confidential-PII-Customer-A-V1.Customer-Contact_Method.Customer-Address,I,1
IAG,iag_cgu_risk_property_analytical,STRING,house_number,FALSE,NULLABLE,1,Not assessed,Risk Address details.,Native,PII.house_number,Confidential-PII-Customer-A-V1.Customer-Contact_Method.Customer-Address,I,1
IAG,iag_cgu_risk_property_analytical,STRING,lot_number,FALSE,NULLABLE,1,Not assessed,Risk Address details.,Native,PII.lot_number,Confidential-PII-Customer-A-V1.Customer-Contact_Method.Customer-Address,I,1
IAG,iag_cgu_risk_property_analytical,STRING,street_direction_type_name,FALSE,NULLABLE,1,Not assessed,Risk Address details.,Native,PII.street_direction_type_name,Confidential-PII-Customer-A-V1.Customer-Contact_Method.Customer-Address,I,1
IAG,iag_cgu_risk_property_analytical,STRING,street_name,FALSE,NULLABLE,1,Not assessed,Risk Address details.,Native,PII.street_name,Confidential-PII-Customer-A-V1.Customer-Contact_Method.Customer-Address,I,1
IAG,iag_cgu_risk_property_analytical,STRING,street_type_name,FALSE,NULLABLE,1,Not assessed,Risk Address details.,Native,PII.street_type_name,Confidential-PII-Customer-A-V1.Customer-Contact_Method.Customer-Address,I,1
IAG,iag_cgu_risk_property_analytical,STRING,address_line_1,FALSE,NULLABLE,1,Not assessed,Risk Address details.,Native,PII.address_line_1,Confidential-PII-Customer-A-V1.Customer-Contact_Method.Customer-Address,I,1
IAG,iag_cgu_risk_property_analytical,STRING,address_line_2,FALSE,NULLABLE,1,Not assessed,Risk Address details.,Native,PII.address_line_2,Confidential-PII-Customer-A-V1.Customer-Contact_Method.Customer-Address,I,1
IAG,iag_cgu_risk_property_analytical,STRING,suburb,FALSE,NULLABLE,1,Not assessed,Risk Address details.,Native,PII.suburb,Confidential-PII-Customer-A-V1.Customer-Contact_Method.Customer-Address,I,1
IAG,iag_cgu_risk_property_analytical,STRING,city,FALSE,NULLABLE,1,Not assessed,Risk Address details.,Native,PII.city,Confidential-PII-Customer-A-V1.Customer-Contact_Method.Customer-Address,I,1
IAG,iag_cgu_risk_property_analytical,STRING,state_name,FALSE,NULLABLE,1,Not assessed,Risk Address details.,Native,PII.state_name,Confidential-PII-Customer-A-V1.Customer-Contact_Method.Customer-Address,I,1
IAG,iag_cgu_risk_property_analytical,STRING,country_name,FALSE,NULLABLE,1,Not assessed,Risk Address details.,Native,PII.country_name,Confidential-PII-Customer-A-V1.Customer-Contact_Method.Customer-Address,I,1
IAG,iag_cgu_risk_property_analytical,STRING,postal_code,FALSE,NULLABLE,1,Not assessed,Risk Address details.,Native,PII.postal_code,Confidential-PII-Customer-A-V1.Customer-Contact_Method.Customer-Address,I,1
IAG,iag_cgu_risk_property_analytical,STRING,has_own_insurance_cover_flag,FALSE,NULLABLE,1,Not assessed,Does building has own insurance cover. (Building cover specific),Native,Non-sensitive,Internal-A-V1,I,1
IAG,iag_cgu_risk_property_analytical,STRING,has_strata_body_corp_flag,FALSE,NULLABLE,1,Not assessed,Does building have strata or a body corporate. (Building cover specific),Native,Non-sensitive,Internal-A-V1,I,1
IAG,iag_cgu_risk_property_analytical,STRING,building_motor_burnout_coverage_flag,FALSE,NULLABLE,1,Not assessed,Does building cover including motor burnout coverage. ,Native,Non-sensitive,Internal-A-V1,I,1
IAG,iag_cgu_risk_property_analytical,STRING,building_accidental_damage_coverage_flag,FALSE,NULLABLE,1,Not assessed,Does building cover including the accidental damage coverage. ,Native,Non-sensitive,Internal-A-V1,I,1
IAG,iag_cgu_risk_property_analytical,STRING,landlord_rent_default_with_or_without_contents_flag,FALSE,NULLABLE,1,Not assessed,Does landlord policy include rent default coverage? ,Native,Non-sensitive,Internal-A-V1,I,1
IAG,iag_cgu_risk_property_analytical,STRING,landlord_rent_default_with_or_without_contents_limit_other,FALSE,NULLABLE,1,Not assessed,What is the limit for the rent default coverage? ,Native,Non-sensitive,Internal-A-V1,I,1
IAG,iag_cgu_risk_property_analytical,STRING,contents_motor_burnout_coverage_flag,FALSE,NULLABLE,1,Not assessed,Does contents cover including motor burnout coverage.,Native,Non-sensitive,Internal-A-V1,I,1
IAG,iag_cgu_risk_property_analytical,STRING,contents_accidental_damage_coverage_flag,FALSE,NULLABLE,1,Not assessed,Does contents cover including accidental damage coverage.,Native,Non-sensitive,Internal-A-V1,I,1
IAG,iag_cgu_risk_property_analytical,STRING,landlord_rent_default_contents_only_flag,FALSE,NULLABLE,1,Not assessed,Does landlord policy cover rental default? ,Native,Non-sensitive,Internal-A-V1,I,1
IAG,iag_cgu_risk_property_analytical,STRING,landlord_rent_default_contents_only_limit_other,FALSE,NULLABLE,1,Not assessed,What is the limits for the landlord rent default? ,Native,Non-sensitive,Internal-A-V1,I,1
IAG,iag_cgu_risk_property_analytical,STRING,levels_in_building_type_name,FALSE,NULLABLE,1,Not assessed,The level of the risk property. ,Native,Non-sensitive,Internal-A-V1,I,1
IAG,iag_cgu_risk_property_analytical,NUMERIC,weekly_rental_amount,FALSE,NULLABLE,1,Not assessed,The Weekly rental amount for a landlord policy. ,Native,Non-sensitive,Internal-A-V1,I,1
IAG,iag_cgu_risk_property_analytical,STRING,dwelling_property_type_name,FALSE,NULLABLE,1,Not assessed,The type of dwelling for the property. ,Native,Non-sensitive,Internal-A-V1,I,1
IAG,iag_cgu_risk_property_analytical,NUMERIC,portable_sporting_items,FALSE,NULLABLE,1,Not assessed,The Portable Sporting item's sum insured amount after increased else populate with the standard. ,Native,FIN.portable_sporting_items,Confidential-A-V1.Financial,I,1
IAG,iag_cgu_risk_property_analytical,NUMERIC,portable_mobility_scooters,FALSE,NULLABLE,1,Not assessed,The Portable Mobility scooters' sum insured amount after increased else populate with the standard.,Native,FIN.portable_mobility_scooters,Confidential-A-V1.Financial,I,1
IAG,iag_cgu_risk_property_analytical,NUMERIC,portable_electronicitems,FALSE,NULLABLE,1,Not assessed,The Portable Electronic items' sum insured amount after increased else populate with the standard. ,Native,FIN.portable_electronicitems,Confidential-A-V1.Financial,I,1
IAG,iag_cgu_risk_property_analytical,NUMERIC,portable_luggage,FALSE,NULLABLE,1,Not assessed,The Portable Luggage' sum insured amount after increased else populate with the standard.,Native,FIN.portable_luggage,Confidential-A-V1.Financial,I,1
IAG,iag_cgu_risk_property_analytical,NUMERIC,portable_jewellery,FALSE,NULLABLE,1,Not assessed,The Portable Jewellery' sum insured amount after increased else populate with the standard.,Native,FIN.portable_jewellery,Confidential-A-V1.Financial,I,1
IAG,iag_cgu_risk_property_analytical,NUMERIC,valuable_worksofart,FALSE,NULLABLE,1,Not assessed,The Valuable Works of Arts' sum insured amount after increased else populate with the standard.,Native,FIN.valuable_worksofart,Confidential-A-V1.Financial,I,1
IAG,iag_cgu_risk_property_analytical,NUMERIC,valuable_collections,FALSE,NULLABLE,1,Not assessed,The Valuable Collection' sum insured amount after increased else populate with the standard.,Native,FIN.valuable_collections,Confidential-A-V1.Financial,I,1
IAG,iag_cgu_risk_property_analytical,STRING,finance_provider_name,FALSE,NULLABLE,1,Not assessed,"Providing the finance provider associated with the risk. If any partner is not {partner}, then the name will be de-masked as 'Other'",Native,Non-sensitive,Internal-A-V1,I,1
IAG,iag_cgu_risk_property_analytical,STRING,gnaf_id,FALSE,NULLABLE,1,Not assessed,GNAF information for a risk address,Native,Non-sensitive,Internal-A-V1,I,1
IAG,iag_cgu_risk_property_analytical,TIMESTAMP,md_row_effective_date,FALSE,REQUIRED,1,Not assessed,"Gives the update time of the record in the GW system, sometimes if it is the initial create / update time - it will be displayed as 1900-01-01 00:00:00",Native,Non-sensitive,Internal-A-V1,I,1
IAG,iag_cgu_party_analytical,STRING,policy_number,FALSE,NULLABLE,1,Not assessed,The Policy Identifier that Customer receives,Native,Non-sensitive,Internal-A-V1,I,1
IAG,iag_cgu_party_analytical,STRING,term_number,FALSE,REQUIRED,1,Not assessed,"The term number of a policy. For migrated policy, the term number of migration renewal term will start from 1",Native,Non-sensitive,Internal-A-V1,I,1
IAG,iag_cgu_party_analytical,STRING,policy_period,FALSE,REQUIRED,1,Not assessed,Policy Period ID,Native,Non-sensitive,Internal-A-V1,I,1
IAG,iag_cgu_party_analytical,STRING,quote_number,FALSE,NULLABLE,1,Not assessed,The Quote Identifier that Customer receives,Native,Non-sensitive,Internal-A-V1,I,1
IAG,iag_cgu_party_analytical,STRING,job_name,FALSE,REQUIRED,1,Not assessed,"The name of a policy transaction (i.e policy job), e.g. Cancellation / Policy Change / Reinstatement / Submission / Renewal",Native,Non-sensitive,Internal-A-V1,I,1
IAG,iag_cgu_party_analytical,STRING,job_number,FALSE,REQUIRED,1,Not assessed,"A business identifier of a job, if the job is submission, then job number will be the same as quote number. ",Native,Non-sensitive,Internal-A-V1,I,1
IAG,iag_cgu_party_analytical,STRING,policy_status_name,FALSE,REQUIRED,1,Not assessed,"The status of a job. For Cancellation / Reinstatement / Policy Change, the policy Status will always be Bound. For Submission, status could be quoted or bound (or any other final status e.g. Decline, Withdrawn, Not Taken). For Renewal, status could be Renewing or Bound (or any other final status e.g. Not-Taken, Not Renewed, Withdrawn)",Native,Non-sensitive,Internal-A-V1,I,1
IAG,iag_cgu_party_analytical,INTEGER,asset_number,FALSE,NULLABLE,1,Not assessed,Refer risk file. ,Native,Non-sensitive,Internal-A-V1,I,1
IAG,iag_cgu_party_analytical,STRING,brand_name,FALSE,REQUIRED,1,Not assessed,"The brand the policy belongs to, Will always be {partner}.",Native,Non-sensitive,Internal-A-V1,I,1
IAG,iag_cgu_party_analytical,TIMESTAMP,job_close_date,FALSE,REQUIRED,1,Not assessed,"The finalization date of a policy transaction. It will ONLY be populated when a policy transaction achieves a final status (e.g. Bound, Not Taken, Decline). However, {partner} have requested IF this is NULL, then populate the Written_date's value into this field so to help design CDC",Native,Non-sensitive,Internal-A-V1,I,1
IAG,iag_cgu_party_analytical,STRING,alternate_party_id,FALSE,REQUIRED,1,Not assessed,The IAG's identifier of a party.,Native,Non-sensitive,Internal-A-V1,I,1
IAG,iag_cgu_party_analytical,STRING,partner_party_id,FALSE,NULLABLE,1,Not assessed,The {partner}'s identifier of a party.,Native,Non-sensitive,Internal-A-V1,I,1
IAG,iag_cgu_party_analytical,STRING,party_role,FALSE,REQUIRED,1,Not assessed,"The Roles the party is playing. Could be either PNI / ANI / Driver / Additional Interest (Finance Provider). If a party is playing more then one role for a policy / risk at a point in time, this field will aggregate the values with a comma. ",Native,Non-sensitive,Internal-A-V1,I,1
IAG,iag_cgu_party_analytical,STRING,party_type_name,FALSE,REQUIRED,1,Not assessed,"The Type of a Party, could be either a person or an organisation.",Native,Non-sensitive,Internal-A-V1,I,1
IAG,iag_cgu_party_analytical,STRING,party_name,FALSE,NULLABLE,1,Not assessed,The Organisation's Name. ,Native,Non-sensitive,Internal-A-V1,I,1
IAG,iag_cgu_party_analytical,STRING,title,FALSE,NULLABLE,1,Not assessed,The Title of a person,Native,Non-sensitive,Internal-A-V1,I,1
IAG,iag_cgu_party_analytical,STRING,first_name,FALSE,NULLABLE,1,Not assessed,The Primary name of a person ,Native,PII.first_name,Confidential-PII-Customer-A-V1.Customer-Name.Customer-First_Name,I,1
IAG,iag_cgu_party_analytical,STRING,middle_name,FALSE,NULLABLE,1,Not assessed,The Middle name of a person,Native,PII.middle_name,Confidential-PII-Customer-A-V1.Customer-Name.Customer-Middle_Name,I,1
IAG,iag_cgu_party_analytical,STRING,last_name,FALSE,NULLABLE,1,Not assessed,The Surname of a person,Native,PII.last_name,Confidential-PII-Customer-A-V1.Customer-Name.Customer-First_Name,I,1
IAG,iag_cgu_party_analytical,STRING,gender_name,FALSE,NULLABLE,1,Not assessed,The Gender of an individual. ,Native,Non-sensitive,Internal-A-V1,I,1
IAG,iag_cgu_party_analytical,DATE,date_of_birth,FALSE,NULLABLE,1,Not assessed,The Date of birth for an individual.,Native,PII.date_of_birth,Confidential-PII-Customer-A-V1.Customer-Dob,I,1
IAG,iag_cgu_party_analytical,STRING,primary_address_line_1,FALSE,NULLABLE,1,Not assessed,The correspondence address for the party.,Native,PII.primary_address_line_1,Confidential-PII-Customer-A-V1.Customer-Contact_Method.Customer-Address,I,1
IAG,iag_cgu_party_analytical,STRING,primary_address_line_2,FALSE,NULLABLE,1,Not assessed,The correspondence address for the party.,Native,PII.primary_address_line_2,Confidential-PII-Customer-A-V1.Customer-Contact_Method.Customer-Address,I,1
IAG,iag_cgu_party_analytical,STRING,primary_address_suburb,FALSE,NULLABLE,1,Not assessed,The correspondence address for the party.,Native,PII.primary_address_suburb,Confidential-PII-Customer-A-V1.Customer-Contact_Method.Customer-Address,I,1
IAG,iag_cgu_party_analytical,STRING,primary_address_postal_code,FALSE,NULLABLE,1,Not assessed,The correspondence address for the party.,Native,PII.primary_address_postal_code,Confidential-PII-Customer-A-V1.Customer-Contact_Method.Customer-Address,I,1
IAG,iag_cgu_party_analytical,STRING,primary_address_state_name,FALSE,NULLABLE,1,Not assessed,The correspondence address for the party.,Native,PII.primary_address_state_name,Confidential-PII-Customer-A-V1.Customer-Contact_Method.Customer-Address,I,1
IAG,iag_cgu_party_analytical,STRING,primary_address_country_name,FALSE,NULLABLE,1,Not assessed,The correspondence address for the party.,Native,PII.primary_address_country_name,Confidential-PII-Customer-A-V1.Customer-Contact_Method.Customer-Address,I,1
IAG,iag_cgu_party_analytical,STRING,primary_address_type_name,FALSE,NULLABLE,1,Not assessed,The correspondence address for the party.,Native,PII.primary_address_type_name,Confidential-PII-Customer-A-V1.Customer-Contact_Method.Customer-Address,I,1
IAG,iag_cgu_party_analytical,STRING,primary_email_address,FALSE,NULLABLE,1,Not assessed,The email address a person prefer to be contacted. ,Native,PII.primary_email_address,Confidential-PII-Customer-A-V1.Customer-Contact_Method.Customer-Email,I,1
IAG,iag_cgu_party_analytical,STRING,employee_type_name,FALSE,NULLABLE,1,Not assessed,Whether the Party is an {partner} staff. ,Native,Non-sensitive,Internal-A-V1,I,1
IAG,iag_cgu_party_analytical,STRING,employee_number,FALSE,NULLABLE,1,Not assessed,{partner}'s employee number passed from {partner},Native,Non-sensitive,Internal-A-V1,I,1
IAG,iag_cgu_party_analytical,STRING,marketing_consent_flag,FALSE,NULLABLE,1,Not assessed,The Marketing consent information the party provided to IAG. Please double refer with IAG's marketing consent team of usage of this information. ,Native,Non-sensitive,Internal-A-V1,I,1
IAG,iag_cgu_party_analytical,STRING,anonymous_flag,FALSE,NULLABLE,1,Not assessed,"Whether the Party is anonymous. (Anonymous quote is not a Day 1 scope for {partner}, only reserved for future extension). ",Native,Non-sensitive,Internal-A-V1,I,1
IAG,iag_cgu_party_analytical,STRING,finance_provider_name,FALSE,NULLABLE,1,Not assessed,The legal finance provider's name. Will only be populated if the party is populating as a finance provider,Native,Non-sensitive,Internal-A-V1,I,1
IAG,iag_cgu_party_analytical,STRING,contact_mobile_phone,FALSE,NULLABLE,1,Not assessed,The mobile number of a contact.,Native,PII.contact_mobile_phone,Confidential-PII-Customer-A-V1.Customer-Contact_Method.Customer-Telephone_Number,I,1
IAG,iag_cgu_party_analytical,STRING,contact_home_phone,FALSE,NULLABLE,1,Not assessed,The home number of a contact.,Native,PII.contact_home_phone,Confidential-PII-Customer-A-V1.Customer-Contact_Method.Customer-Telephone_Number,I,1
IAG,iag_cgu_party_analytical,STRING,contact_work_phone,FALSE,NULLABLE,1,Not assessed,The work number of a contact. ,Native,PII.contact_work_phone,Confidential-PII-Customer-A-V1.Customer-Contact_Method.Customer-Telephone_Number,I,1
IAG,iag_cgu_party_analytical,TIMESTAMP,md_row_effective_date,FALSE,REQUIRED,1,Not assessed,"Gives the update time of the record in the GW system, sometimes if it is the initial create / update time - it will be displayed as 1900-01-01 00:00:00",Native,Non-sensitive,Internal-A-V1,I,1
IAG,iag_cgu_policy_on_risk_analytical,STRING,bulk_data_policy_onrisk_key,FALSE,REQUIRED,1,Not assessed,Concatenation of Business Key for this file,Native,Non-sensitive,Internal-A-V1,I,1
IAG,iag_cgu_policy_on_risk_analytical,STRING,policy_number,FALSE,REQUIRED,1,Not assessed,The Policy number indicate a policy is on risk. ,Native,Non-sensitive,Internal-A-V1,I,1
IAG,iag_cgu_policy_on_risk_analytical,STRING,policy_period,FALSE,REQUIRED,1,Not assessed,Policy Period ID,Native,Non-sensitive,Internal-A-V1,I,1
IAG,iag_cgu_policy_on_risk_analytical,STRING,risk_id,FALSE,NULLABLE,1,Not assessed,Risk ID,Native,Non-sensitive,Internal-A-V1,I,1
IAG,iag_cgu_policy_on_risk_analytical,STRING,term_number,FALSE,REQUIRED,1,Not assessed,"The term number of a policy. For migrated policy, the term number of migration renewal term will start from 1",Native,Non-sensitive,Internal-A-V1,I,1
IAG,iag_cgu_policy_on_risk_analytical,INTEGER,asset_number,FALSE,REQUIRED,1,Not assessed,The Risk Cover indicates the cover is on risk. ,Native,Non-sensitive,Internal-A-V1,I,1
IAG,iag_cgu_policy_on_risk_analytical,STRING,product_name,FALSE,REQUIRED,1,Not assessed,The Product the policy belongs to. ,Native,Non-sensitive,Internal-A-V1,I,1
IAG,iag_cgu_policy_on_risk_analytical,STRING,policy_line_name,FALSE,REQUIRED,1,Not assessed,The Policy Line name,Native,Non-sensitive,Internal-A-V1,I,1
IAG,iag_cgu_policy_on_risk_analytical,STRING,brand_name,FALSE,REQUIRED,1,Not assessed,"The Brand of a Policy, will always be {partner}.",Native,Non-sensitive,Internal-A-V1,I,1
IAG,iag_cgu_policy_on_risk_analytical,DATETIME,as_at_date,FALSE,NULLABLE,1,Not assessed,"As per latest requirement from {partner}, default to NULL in the extract otherwise {partner} not able to correctly detect Delta ",Native,Non-sensitive,Internal-A-V1,I,1
IAG,iag_cgu_policy_on_risk_analytical,DATETIME,in_force_date,FALSE,NULLABLE,1,Not assessed,"As per latest requirement from {partner}, default to NULL in the extract otherwise {partner} not able to correctly detect Delta ",Native,Non-sensitive,Internal-A-V1,I,1
IAG,iag_cgu_policy_on_risk_analytical,STRING,party_role,FALSE,REQUIRED,1,Not assessed,"The Party Role the Person is playing with regard to the ON risk Policy, could be either a Primary Name Insured OR additional Name Insured",Native,Non-sensitive,Internal-A-V1,I,1
IAG,iag_cgu_policy_on_risk_analytical,STRING,alternate_party_id,FALSE,REQUIRED,1,Not assessed,The IAG's internal Party ID for the PNI / ANI.,Native,Non-sensitive,Internal-A-V1,I,1
IAG,iag_cgu_policy_on_risk_analytical,STRING,partner_party_id,FALSE,NULLABLE,1,Not assessed,The {partner}'s identifier for a party. Could occasionally be NULL for an ANI. ,Native,Non-sensitive,Internal-A-V1,I,1
IAG,iag_cgu_policy_operational,STRING,policy_number,FALSE,NULLABLE,1,Not assessed,Guidewire Policy Number,Native,Non-sensitive,Internal-A-V1,I,1
IAG,iag_cgu_policy_operational,STRING,policy_period,FALSE,REQUIRED,1,Not assessed,Policy Period ID,Native,Non-sensitive,Internal-A-V1,I,1
IAG,iag_cgu_policy_operational,STRING,quote_number,FALSE,NULLABLE,1,Not assessed,Quote Identifier,Native,Non-sensitive,Internal-A-V1,I,1
IAG,iag_cgu_policy_operational,INTEGER,term_number,FALSE,REQUIRED,1,Not assessed,"The term number of a policy. For migrated policy, the term number of migration renewal term will start from 1",Native,Non-sensitive,Internal-A-V1,I,1
IAG,iag_cgu_policy_operational,DATE,term_start_date,FALSE,REQUIRED,1,Not assessed,The start date of the policy term,Native,Non-sensitive,Internal-A-V1,I,1
IAG,iag_cgu_policy_operational,DATE,term_end_date,FALSE,REQUIRED,1,Not assessed,The end date of the policy term,Native,Non-sensitive,Internal-A-V1,I,1
IAG,iag_cgu_policy_operational,STRING,legacy_policy_number,FALSE,NULLABLE,1,Not assessed,"For migrated policy, this is the policy number of the legacy source system",Native,Non-sensitive,Internal-A-V1,I,1
IAG,iag_cgu_policy_operational,NUMERIC,risk_id,FALSE,REQUIRED,1,Not assessed,Coverable / Risk identifier,Native,Non-sensitive,Internal-A-V1,I,1
IAG,iag_cgu_policy_operational,STRING,policy_status,FALSE,NULLABLE,1,Not assessed,"Denotes if the policy is 'In Force' or 'Cancelled'",Native,Non-sensitive,Internal-A-V1,I,1
IAG,iag_cgu_policy_operational,STRING,coverable_status,FALSE,NULLABLE,1,Not assessed,"The status of the coverable. Can be In-Force, Expired or Scheduled",Native,Non-sensitive,Internal-A-V1,I,1
IAG,iag_cgu_policy_operational,TIMESTAMP,risk_effective_date,FALSE,REQUIRED,1,Not assessed,The effective start date of a risk for the policy period / transaction,Native,Non-sensitive,Internal-A-V1,I,1
IAG,iag_cgu_policy_operational,TIMESTAMP,risk_expiration_date,FALSE,REQUIRED,1,Not assessed,The effective end date of a risk for the policy period / transaction,Native,Non-sensitive,Internal-A-V1,I,1
IAG,iag_cgu_policy_operational,STRING,choice_of_repairer_coverage_flag,FALSE,REQUIRED,1,Not assessed,Choice of repairer flag,Native,Non-sensitive,Internal-A-V1,I,1
IAG,iag_cgu_policy_operational,STRING,glass_extension_coverage_flag,FALSE,REQUIRED,1,Not assessed,Glass Extension flag,Native,Non-sensitive,Internal-A-V1,I,1
IAG,iag_cgu_policy_operational,STRING,hire_vehicle_after_incident_coverage_flag,FALSE,REQUIRED,1,Not assessed,Hire vehicle after incident flag,Native,Non-sensitive,Internal-A-V1,I,1
IAG,iag_cgu_policy_operational,STRING,accidental_damage_coverage_flag,FALSE,REQUIRED,1,Not assessed,Accidental damage flag,Native,Non-sensitive,Internal-A-V1,I,1
IAG,iag_cgu_policy_operational,STRING,liability_coverage_flag,FALSE,REQUIRED,1,Not assessed,Liability flag,Native,Non-sensitive,Internal-A-V1,I,1
IAG,iag_cgu_policy_operational,STRING,flood_rainwater_runoff_coverage_flag,FALSE,REQUIRED,1,Not assessed,Flood rainwater runoff flag,Native,Non-sensitive,Internal-A-V1,I,1
IAG,iag_cgu_policy_operational,STRING,electrical_motor_burnout_coverage_flag,FALSE,REQUIRED,1,Not assessed,Electrical motor burnout flag,Native,Non-sensitive,Internal-A-V1,I,1
IAG,iag_cgu_policy_operational,STRING,portable_addl_cover_coverage_flag,FALSE,REQUIRED,1,Not assessed,Portable additional cover flag,Native,Non-sensitive,Internal-A-V1,I,1
IAG,iag_cgu_policy_operational,STRING,landlord_rent_default_coverage_flag,FALSE,REQUIRED,1,Not assessed,Landlord rent default flag,Native,Non-sensitive,Internal-A-V1,I,1
IAG,iag_cgu_policy_operational,STRING,bushfire_coverage_flag,FALSE,REQUIRED,1,Not assessed,Bushfire flag,Native,Non-sensitive,Internal-A-V1,I,1
IAG,iag_cgu_policy_operational,STRING,cyclone_coverage_flag,FALSE,REQUIRED,1,Not assessed,Cyclone flag,Native,Non-sensitive,Internal-A-V1,I,1
IAG,iag_cgu_policy_operational,STRING,earthquake_coverage_flag,FALSE,REQUIRED,1,Not assessed,Earthquake flag,Native,Non-sensitive,Internal-A-V1,I,1
IAG,iag_cgu_policy_operational,STRING,storm_coverage_flag,FALSE,REQUIRED,1,Not assessed,Storm flag,Native,Non-sensitive,Internal-A-V1,I,1
IAG,iag_cgu_policy_operational,STRING,storm_surge_coverage_flag,FALSE,REQUIRED,1,Not assessed,Storm surge flag,Native,Non-sensitive,Internal-A-V1,I,1
IAG,iag_cgu_policy_operational,STRING,tsunami_coverage_flag,FALSE,REQUIRED,1,Not assessed,Tsunami Flag,Native,Non-sensitive,Internal-A-V1,I,1
IAG,iag_cgu_policy_operational,STRING,risk_type_code,FALSE,REQUIRED,1,Not assessed,Indicate the risk type. Can be PMMotorVehicle / Iag_PPBuilding / Iag_PPContents,Native,Non-sensitive,Internal-A-V1,I,1
IAG,iag_cgu_policy_operational,STRING,product_model_variation_name,FALSE,REQUIRED,1,Not assessed,Tier of the risk. Product Model Variation Type that is required instead of Product Type,Native,Non-sensitive,Internal-A-V1,I,1
IAG,iag_cgu_policy_operational,STRING,policy_line_name,FALSE,REQUIRED,1,Not assessed,Line of insurance. e.g. Personal Motor / Personal Property,Native,Non-sensitive,Internal-A-V1,I,1
IAG,iag_cgu_policy_operational,STRING,product_name,FALSE,REQUIRED,1,Not assessed,"The Product defining what kind of Policy this is i.e.: Car Insurance Home Insurance Lanldlord Insurance",Native,Non-sensitive,Internal-A-V1,I,1
IAG,iag_cgu_policy_operational,STRING,job_name,FALSE,REQUIRED,1,Not assessed,"Type of transaction. Differentiated at Policy Period Grain, i.e. NB, Submission, Reinstatement etc.",Native,Non-sensitive,Internal-A-V1,I,1
IAG,iag_cgu_policy_operational,STRING,policy_status_name,FALSE,REQUIRED,1,Not assessed,Transaction status. Quoted / Bound / Renewing etc,Native,Non-sensitive,Internal-A-V1,I,1
IAG,iag_cgu_policy_operational,TIMESTAMP,transaction_date,FALSE,REQUIRED,1,Not assessed,"Nominally, the date this period was created. For reinstatements, it is the written date of the reinstated period. For rewrites, it can be the date of the rewrite or the date of the original period",Native,Non-sensitive,Internal-A-V1,I,1
IAG,iag_cgu_policy_operational,DATE,policy_period_edit_effective_date,FALSE,REQUIRED,1,Not assessed,Dates edits are effective,Native,Non-sensitive,Internal-A-V1,I,1
IAG,iag_cgu_policy_operational,STRING,originating_branch_code,FALSE,NULLABLE,1,Not assessed,The branch / contact centre Identifier of the channel that initiates the transaction,Native,Non-sensitive,Internal-A-V1,I,1
IAG,iag_cgu_policy_operational,STRING,updated_branch_code,FALSE,NULLABLE,1,Not assessed,The branch / contact centre Identifier of the channel that closes the transaction,Native,Non-sensitive,Internal-A-V1,I,1
IAG,iag_cgu_policy_operational,STRING,originating_channel_name,FALSE,REQUIRED,1,Not assessed,Channel that initiates the transaction,Native,Non-sensitive,Internal-A-V1,I,1
IAG,iag_cgu_policy_operational,STRING,completing_channel_name,FALSE,NULLABLE,1,Not assessed,Channel that closes the transaction,Native,Non-sensitive,Internal-A-V1,I,1
IAG,iag_cgu_policy_operational,STRING,cancellation_type,FALSE,NULLABLE,1,Not assessed,"The type of a cancellation, could be either 'Flat' (cancellation date is the same as policy's term start date) OR 'Mid Term' (cancellation date greater than the policy term start date).",Native,Non-sensitive,Internal-A-V1,I,1
IAG,iag_cgu_policy_operational,STRING,cancellation_reason_name,FALSE,NULLABLE,1,Not assessed,The sub category of a cancellation type. It provides reason for a cancellation.,Native,Non-sensitive,Internal-A-V1,I,1
IAG,iag_cgu_policy_operational,DATE,cancellation_date,FALSE,NULLABLE,1,Not assessed,Date of policy / risk cancellation,Native,Non-sensitive,Internal-A-V1,I,1
IAG,iag_cgu_policy_operational,STRING,email_document_consent,FALSE,REQUIRED,1,Not assessed,Email Document Consent,Native,Non-sensitive,Internal-A-V1,I,1
IAG,iag_cgu_policy_operational,STRING,correspondence_address_line_1,FALSE,NULLABLE,1,Not assessed,The correspondence address for a Policy,Native,PII.correspondence_address_line_1,Confidential-PII-Customer-A-V1.Customer-Contact_Method.Customer-Address,I,1
IAG,iag_cgu_policy_operational,STRING,correspondence_address_line_2,FALSE,NULLABLE,1,Not assessed,The correspondence address for a Policy,Native,PII.correspondence_address_line_2,Confidential-PII-Customer-A-V1.Customer-Contact_Method.Customer-Address,I,1
IAG,iag_cgu_policy_operational,STRING,correspondence_address_line_suburb,FALSE,NULLABLE,1,Not assessed,Correspondence address - Suburb,Native,PII.correspondence_address_line_suburb,Confidential-PII-Customer-A-V1.Customer-Contact_Method.Customer-Address,I,1
IAG,iag_cgu_policy_operational,STRING,correspondence_address_state_name,FALSE,NULLABLE,1,Not assessed,Correspondence address - State,Native,PII.correspondence_address_state_name,Confidential-PII-Customer-A-V1.Customer-Contact_Method.Customer-Address,I,1
IAG,iag_cgu_policy_operational,STRING,correspondence_address_postal_code,FALSE,NULLABLE,1,Not assessed,Correspondence address - Postcode,Native,PII.correspondence_address_postal_code,Confidential-PII-Customer-A-V1.Customer-Contact_Method.Customer-Address,I,1
IAG,iag_cgu_policy_operational,STRING,correspondence_address_country,FALSE,NULLABLE,1,Not assessed,Correspondence Address Country,Native,correspondence_address_country,Confidential-PII-Customer-A-V1.Customer-Contact_Method.Customer-Address,I,1
IAG,iag_cgu_policy_operational,STRING,risk_address_line_1,FALSE,NULLABLE,1,Not assessed,The risk address for a Policy,Native,risk_address_line_1,Confidential-PII-Customer-A-V1.Customer-Contact_Method.Customer-Address,I,1
IAG,iag_cgu_policy_operational,STRING,risk_address_line_2,FALSE,NULLABLE,1,Not assessed,The risk address for a Policy,Native,risk_address_line_2,Confidential-PII-Customer-A-V1.Customer-Contact_Method.Customer-Address,I,1
IAG,iag_cgu_policy_operational,STRING,risk_address_line_suburb,FALSE,NULLABLE,1,Not assessed,Risk Address - Suburb,Native,risk_address_line_suburb,Confidential-PII-Customer-A-V1.Customer-Contact_Method.Customer-Address,I,1
IAG,iag_cgu_policy_operational,STRING,risk_address_state_name,FALSE,NULLABLE,1,Not assessed,Risk Address - State,Native,PII.risk_address_state_name,Confidential-PII-Customer-A-V1.Customer-Contact_Method.Customer-Address,I,1
IAG,iag_cgu_policy_operational,STRING,risk_address_postal_code,FALSE,NULLABLE,1,Not assessed,Risk Address - Postcode,Native,PII.risk_address_postal_code,Confidential-PII-Customer-A-V1.Customer-Contact_Method.Customer-Address,I,1
IAG,iag_cgu_policy_operational,STRING,campaign_code,FALSE,NULLABLE,1,Not assessed,The Campaign code that a risk entitles,Native,Non-sensitive,Internal-A-V1,I,1
IAG,iag_cgu_policy_operational,STRING,coverable_details,FALSE,REQUIRED,1,Not assessed,"Derived field for coverable details Motor - combination of year, make, model, license plate Property - address line 1,2,3, suburb, city, state, postcode, country",Native,Non-sensitive,Internal-A-V1,I,1
IAG,iag_cgu_policy_operational,NUMERIC,annualised_base_premium,FALSE,REQUIRED,1,Not assessed,base premium at coverable level,Native,FIN.annualised_base_premium,Confidential-A-V1.Financial,I,1
IAG,iag_cgu_policy_operational,NUMERIC,gst,FALSE,REQUIRED,1,Not assessed,Goods & Services Tax,Native,FIN.GST,Confidential-A-V1.Financial,I,1
IAG,iag_cgu_policy_operational,NUMERIC,esl,FALSE,REQUIRED,1,Not assessed,Emergency Services Levy,Native,FIN.ESL,Confidential-A-V1.Financial,I,1
IAG,iag_cgu_policy_operational,NUMERIC,stamp_duty,FALSE,REQUIRED,1,Not assessed,Stamp duty on the transaction,Native,FIN.stamp_duty,Confidential-A-V1.Financial,I,1
IAG,iag_cgu_policy_operational,NUMERIC,sum_insured,FALSE,REQUIRED,1,Not assessed,The sum insured amount of the risk,Native,FIN.sum_insured,Confidential-A-V1.Financial,I,1
IAG,iag_cgu_policy_operational,STRING,license_plate,FALSE,NULLABLE,1,Not assessed,vehicle registration number,Native,PII.license_plate,Confidential-PII-Customer-A-V1.Customer-Identification_Numbers,I,1
IAG,iag_cgu_policy_operational,STRING,jurisdiction_name,FALSE,REQUIRED,1,Not assessed,The State the Policy Period is based in,Native,Non-sensitive,Internal-A-V1,I,1
IAG,iag_cgu_policy_operational,STRING,create_consultant_id,FALSE,NULLABLE,1,Not assessed,Create User info for the transaction,Native,Non-sensitive,Internal-A-V1,I,1
IAG,iag_cgu_policy_operational,STRING,create_user_name,FALSE,NULLABLE,1,Not assessed,Create User info for the transaction,Native,PII.create_user_ name,Confidential-PII-Employee-A-V1.Employee-Name,I,1
IAG,iag_cgu_policy_operational,STRING,update_consultant_id,FALSE,NULLABLE,1,Not assessed,Update User info for the transaction,Native,Non-sensitive,Internal-A-V1,I,1
IAG,iag_cgu_policy_operational,STRING,update_user_name,FALSE,NULLABLE,1,Not assessed,Update User info for the transaction,Native,PII.update_user_name,Confidential-PII-Employee-A-V1.Employee-Name,I,1
IAG,iag_cgu_policy_operational,DATE,report_date,FALSE,REQUIRED,1,Not assessed,Date of report generation,Native,Non-sensitive,Internal-A-V1,I,1
IAG,iag_cgu_policy_operational,TIMESTAMP,original_policy_inception_date,FALSE,REQUIRED,1,Not assessed,Customer relationship start date from PC,Native,Non-sensitive,Internal-A-V1,I,1
IAG,iag_cgu_policy_operational,NUMERIC,legal_liability_amount,FALSE,NULLABLE,1,Not assessed,The coverage limit for liability,Native,FIN.legal_liability_amount,Confidential-A-V1.Financial,I,1
IAG,iag_cgu_policy_operational,STRING,vehicle_market_value_flag,FALSE,REQUIRED,1,Not assessed,"Y/N to indicate a vehicle is market value or agreed value. Y = Market Value, N = Agreed Value",Native,Non-sensitive,Internal-A-V1,I,1
IAG,iag_cgu_policy_operational,STRING,vehicle_usage,FALSE,NULLABLE,1,Not assessed,Will provide the primary usage,Native,Non-sensitive,Internal-A-V1,I,1
IAG,iag_cgu_policy_operational,STRING,brand_name,FALSE,REQUIRED,1,Not assessed,Same as Brand,Native,Non-sensitive,Internal-A-V1,I,1
IAG,iag_cgu_policy_operational,STRING,term_type,FALSE,REQUIRED,1,Not assessed,Type of policy term - New Business / Renewal,Native,Non-sensitive,Internal-A-V1,I,1
IAG,iag_cgu_policy_operational,DATE,job_close_date,FALSE,NULLABLE,1,Not assessed,Job completion date,Native,Non-sensitive,Internal-A-V1,I,1
IAG,iag_cgu_policy_operational,NUMERIC,driver_age_excess,FALSE,NULLABLE,1,Not assessed,Driver Age Excess,Native,FIN.driver_age_excess,Confidential-A-V1.Financial,I,1
IAG,iag_cgu_policy_operational,NUMERIC,driver_atfault_excess,FALSE,NULLABLE,1,Not assessed,Driver at Fault Excess,Native,FIN.driver_atfault_excess,Confidential-A-V1.Financial,I,1
IAG,iag_cgu_policy_operational,NUMERIC,driver_excess,FALSE,NULLABLE,1,Not assessed,Driver Total excess,Native,FIN.driver_excess,Confidential-A-V1.Financial,I,1
IAG,iag_cgu_policy_operational,NUMERIC,driver_exp_excess,FALSE,NULLABLE,1,Not assessed,Driver Experience Excess,Native,FIN.driver_exp_excess,Confidential-A-V1.Financial,I,1
IAG,iag_cgu_policy_operational,NUMERIC,driver_imposed_excess,FALSE,NULLABLE,1,Not assessed,Driver Imposed Excess,Native,FIN.driver_imposed_excess,Confidential-A-V1.Financial,I,1
IAG,iag_cgu_policy_operational,NUMERIC,driver_license_excess,FALSE,NULLABLE,1,Not assessed,Driver License Excess,Native,FIN.driver_license_excess,Confidential-A-V1.Financial,I,1
IAG,iag_cgu_policy_operational,NUMERIC,driver_offence_excess,FALSE,NULLABLE,1,Not assessed,Driver Offence Excess,Native,FIN.driver_offence_excess,Confidential-A-V1.Financial,I,1
IAG,iag_cgu_policy_operational,NUMERIC,imposed_excess,FALSE,NULLABLE,1,Not assessed,Imposed Excess,Native,FIN.imposed_excess,Confidential-A-V1.Financial,I,1
IAG,iag_cgu_policy_operational,NUMERIC,imposed_rental_vehicle_excess,FALSE,NULLABLE,1,Not assessed,Imposed Rental Vehicle Excess,Native,FIN.imposed_rental_vehicle_excess,Confidential-A-V1.Financial,I,1
IAG,iag_cgu_policy_operational,NUMERIC,inexperienced_driver_excess,FALSE,NULLABLE,1,Not assessed,Inexperienced Driver Excess,Native,FIN.inexperienced_driver_excess,Confidential-A-V1.Financial,I,1
IAG,iag_cgu_policy_operational,NUMERIC,methamphetamine_contamination_excess,FALSE,NULLABLE,1,Not assessed,Methamphetamine Contamination Excess,Native,FIN.methamphetamine_contamination_excess,Confidential-A-V1.Financial,I,1
IAG,iag_cgu_policy_operational,NUMERIC,property_natural_disaster_damage_excess,FALSE,NULLABLE,1,Not assessed,Non-EQC Act Property Natural Disaster Damage Excess,Native,FIN.property_natural_disaster_damage_excess,Confidential-A-V1.Financial,I,1
IAG,iag_cgu_policy_operational,NUMERIC,standard_excess,FALSE,NULLABLE,1,Not assessed,Standard Excess,Native,FIN.standard_excess,Confidential-A-V1.Financial,I,1
IAG,iag_cgu_policy_operational,NUMERIC,undisclosed_above_25,FALSE,NULLABLE,1,Not assessed,Undisclosed above 25 excess,Native,FIN.undisclosed_above_25,Confidential-A-V1.Financial,I,1
IAG,iag_cgu_policy_operational,NUMERIC,undisclosed_below_25,FALSE,NULLABLE,1,Not assessed,Undisclosed below 25 excess,Native,FIN.undisclosed_below_25,Confidential-A-V1.Financial,I,1
IAG,iag_cgu_policy_operational,NUMERIC,vehicle_excess,FALSE,NULLABLE,1,Not assessed,Vehicle Excess,Native,FIN.vehicle_excess,Confidential-A-V1.Financial,I,1
IAG,iag_cgu_policy_operational,NUMERIC,vehicle_imposed_excess,FALSE,NULLABLE,1,Not assessed,Vehicle Imposed Excess,Native,FIN.vehicle_imposed_excess,Confidential-A-V1.Financial,I,1
IAG,iag_cgu_policy_operational,NUMERIC,vehicle_mod_excess,FALSE,NULLABLE,1,Not assessed,Vehicle Modification Excess,Native,FIN.vehicle_mod_excess,Confidential-A-V1.Financial,I,1
IAG,iag_cgu_policy_operational,NUMERIC,total_excess_amount,FALSE,NULLABLE,1,Not assessed,Sum of all the above excesses,Native,FIN.total_excess_amount,Confidential-A-V1.Financial,I,1
IAG,iag_cgu_policy_operational,STRING,finance_provider_name,FALSE,NULLABLE,1,Not assessed,Financier/ Interested Party,Native,PII.first_mortgagee,Confidential-PII-Customer-A-V1.Customer-Name,I,1
IAG,iag_cgu_policy_operational,STRING,change_type,FALSE,REQUIRED,1,Not assessed,"Potential values for delta file: I - Insert ( New Record) U - Update ( Update on existing record)",Native,Non-sensitive,Internal-A-V1,I,1
IAG,iag_cgu_customer_operational,STRING,policy_number,FALSE,NULLABLE,1,Not assessed,Guidewire Policy Number,Native,Non-sensitive,Internal-A-V1,I,1
IAG,iag_cgu_customer_operational,STRING,policy_period,FALSE,REQUIRED,1,Not assessed,Policy Period ID,Native,Non-sensitive,Internal-A-V1,I,1
IAG,iag_cgu_customer_operational,STRING,quote_number,FALSE,NULLABLE,1,Not assessed,Quote Identifier,Native,Non-sensitive,Internal-A-V1,I,1
IAG,iag_cgu_customer_operational,INTEGER,term_number,FALSE,NULLABLE,1,Not assessed,"The term number of a policy. For migrated policy, the term number of migration renewal term will start from 1",Native,Non-sensitive,Internal-A-V1,I,1
IAG,iag_cgu_customer_operational,NUMERIC,risk_id,FALSE,REQUIRED,1,Not assessed,Coverable / Risk identifier,Native,Non-sensitive,Internal-A-V1,I,1
IAG,iag_cgu_customer_operational,STRING,party_role,FALSE,REQUIRED,1,Not assessed,Role that a customer plays within a policy period,Native,Non-sensitive,Internal-A-V1,I,1
IAG,iag_cgu_customer_operational,STRING,alternate_party_id,FALSE,REQUIRED,1,Not assessed,IAG Unique identifier of a customer,Native,Non-sensitive,Internal-A-V1,I,1
IAG,iag_cgu_customer_operational,STRING,marketing_consent_flag,FALSE,REQUIRED,1,Not assessed,The Marketing consent information the party provided to IAG,Native,Non-sensitive,Internal-A-V1,I,1
IAG,iag_cgu_customer_operational,STRING,staff_flag,FALSE,REQUIRED,1,Not assessed,Identify if customer is a partner staff,Native,Non-sensitive,Internal-A-V1,I,1
IAG,iag_cgu_customer_operational,STRING,party_type_name,FALSE,NULLABLE,1,Not assessed,"The Type of a Party, could be either a person or an organisation.",Native,Non-sensitive,Internal-A-V1,I,1
IAG,iag_cgu_customer_operational,STRING,first_name,FALSE,NULLABLE,1,Not assessed,Customer's first name,Native,PII.first_name,Confidential-Pii-Customer-A-V1.Customer-Name.Customer-First_Name,I,1
IAG,iag_cgu_customer_operational,STRING,middle_name,FALSE,NULLABLE,1,Not assessed,Customer's middle name,Native,PII.middle_name,Confidential-Pii-Customer-A-V1.Customer-Name.Customer-Middle_Name,I,1
IAG,iag_cgu_customer_operational,STRING,last_name,FALSE,NULLABLE,1,Not assessed,Customer's last name,Native,PII.last_name,Confidential-Pii-Customer-A-V1.Customer-Name.Customer-Last_Name,I,1
IAG,iag_cgu_customer_operational,STRING,company_name,FALSE,NULLABLE,1,Not assessed,Company Name,Native,Non-Sensitive,Public-A-V1,I,1
IAG,iag_cgu_customer_operational,STRING,company_type,FALSE,NULLABLE,1,Not assessed,"currently in PROD policies available values are 'Private Limited', 'Limited', 'Unknown'",Native,Non-sensitive,Internal-A-V1,I,1
IAG,iag_cgu_customer_operational,STRING,abn,FALSE,NULLABLE,1,Not assessed,AU/ NZ business number,Native,PII.abn,Confidential-Pii-Customer-A-V1.Customer-Registration_Number.Customer-Abn,I,1
IAG,iag_cgu_customer_operational,STRING,acn,FALSE,NULLABLE,1,Not assessed,AU customer number,Native,PII.acn,Confidential-Pii-Customer-A-V1.Customer-Registration_Number.Customer-Acn,I,1
IAG,iag_cgu_customer_operational,DATE,date_of_birth,FALSE,NULLABLE,1,Not assessed,Customer's date of birth,Native,PII.date_of_birth,Confidential-Pii-Customer-A-V1.Customer-Dob,I,1
IAG,iag_cgu_customer_operational,STRING,member_number,FALSE,NULLABLE,1,Not assessed,Customer member number,Native,Non-sensitive,Internal-A-V1,I,1
IAG,iag_cgu_customer_operational,STRING,primary_email_address,FALSE,NULLABLE,1,Not assessed,Primary email address associated with the contact,Native,PII.primary_email_address,Confidential-Pii-Customer-A-V1.Customer-Contact_Method.Customer-Email,I,1
IAG,iag_cgu_customer_operational,STRING,contact_country_code,FALSE,NULLABLE,1,Not assessed,Phone Country Code,Native,Non-sensitive,Internal-A-V1,I,1
IAG,iag_cgu_customer_operational,STRING,contact_mobile_phone,FALSE,NULLABLE,1,Not assessed,Phone number of PNI. Will be NULL for other roles,Native,PII.contact_mobile_phone,Confidential-Pii-Customer-A-V1.Customer-Contact_Method.Customer-Telephone_Number,I,1
IAG,iag_cgu_customer_operational,STRING,primary_address_line_1,FALSE,NULLABLE,1,Not assessed,primary address for the contact,Native,PII.primary_address_line_1,Confidential-Pii-Customer-A-V1.Customer-Contact_Method.Customer-Address,I,1
IAG,iag_cgu_customer_operational,STRING,primary_address_line_2,FALSE,NULLABLE,1,Not assessed,primary address for the contact,Native,PII.primary_address_line_2,Confidential-Pii-Customer-A-V1.Customer-Contact_Method.Customer-Address,I,1
IAG,iag_cgu_customer_operational,STRING,primary_address_suburb,FALSE,NULLABLE,1,Not assessed,primary address for the contact,Native,PII.primary_address_suburb,Confidential-Pii-Customer-A-V1.Customer-Contact_Method.Customer-Address,I,1
IAG,iag_cgu_customer_operational,STRING,primary_address_state_name,FALSE,NULLABLE,1,Not assessed,primary address for the contact,Native,PII.primary_address_state_name,Confidential-Pii-Customer-A-V1.Customer-Contact_Method.Customer-Address,I,1
IAG,iag_cgu_customer_operational,STRING,primary_address_postal_code,FALSE,NULLABLE,1,Not assessed,primary address for the contact,Native,PII.primary_address_postal_code,Confidential-Pii-Customer-A-V1.Customer-Contact_Method.Customer-Address,I,1
IAG,iag_cgu_customer_operational,STRING,primary_address_country_name,FALSE,NULLABLE,1,Not assessed,primary address for the contact,Native,PII.primary_address_country_name,Confidential-Pii-Customer-A-V1.Customer-Contact_Method.Customer-Address,I,1
IAG,iag_cgu_customer_operational,STRING,primary_address_type_name,FALSE,NULLABLE,1,Not assessed,type of the address record,Native,Non-sensitive,Internal-A-V1,I,1
IAG,iag_cgu_customer_operational,DATE,report_date,FALSE,REQUIRED,1,Not assessed,Date of report generation,Native,Non-sensitive,Internal-A-V1,I,1
IAG,iag_cgu_customer_operational,STRING,partner_party_id,FALSE,NULLABLE,1,Not assessed,External party references,Native,Non-sensitive,Internal-A-V1,I,1
IAG,iag_cgu_customer_operational,TIMESTAMP,update_time,FALSE,REQUIRED,1,Not assessed,Update time of the change,Native,Non-sensitive,Internal-A-V1,I,1
IAG,iag_cgu_customer_operational,STRING,change_type,FALSE,REQUIRED,1,Not assessed,"Potential values for delta file: I - Insert ( New Record) U - Update ( Update on existing record)",Native,Non-sensitive,Internal-A-V1,I,1
IAG,iag_cgu_billing_operational,STRING,policy_number,FALSE,NULLABLE,1,Not assessed,Guidewire Policy Number,Native,Non-sensitive,Internal-A-V1,I,1
IAG,iag_cgu_billing_operational,INTEGER,term_number,FALSE,NULLABLE,1,Not assessed,"The term number of a policy. For migrated policy, the term number of migration renewal term will start from 1",Native,Non-sensitive,Internal-A-V1,I,1
IAG,iag_cgu_billing_operational,STRING,policy_period,FALSE,REQUIRED,1,Not assessed,Policy Period ID,Native,Non-sensitive,Internal-A-V1,I,1
IAG,iag_cgu_billing_operational,STRING,quote_number,FALSE,NULLABLE,1,Not assessed,Quote Identifier,Native,Non-sensitive,Internal-A-V1,I,1
IAG,iag_cgu_billing_operational,STRING,billing_method_name,FALSE,NULLABLE,1,Not assessed,Billing method of a policy,Native,FIN.billing_method_name,Confidential-A-V1.Financial.Payment_Details,I,1
IAG,iag_cgu_billing_operational,STRING,billing_period_frequency_name,FALSE,NULLABLE,1,Not assessed,The frequency of billing,Native,FIN.billing_period_frequency_name,Confidential-A-V1.Financial.Payment_Details,I,1
IAG,iag_cgu_billing_operational,DATE,report_date,FALSE,REQUIRED,1,Not assessed,Date report was generated,Native,Non-sensitive,Internal-A-V1,I,1
IAG,iag_cgu_billing_operational,TIMESTAMP,update_time,FALSE,REQUIRED,1,Not assessed,Update time of the change,Native,Non-sensitive,Internal-A-V1,I,1
IAG,iag_cgu_billing_operational,STRING,change_type,FALSE,REQUIRED,1,Not assessed,"Potential values for delta file: I - Insert ( New Record) U - Update ( Update on existing record)",Native,Non-sensitive,Internal-A-V1,I,1